<?xml version="1.0" encoding="UTF-8"?>
<!DOCTYPE fontscolors PUBLIC "-//NetBeans//DTD Editor Fonts and Colors settings 1.1//EN" "http://www.netbeans.org/dtds/EditorFontsColors-1_1.dtd">
<fontscolors>
    <fontcolor foreColor="ffbbba69" name="PHP_VARIABLE"/>
    <fontcolor foreColor="ff7bf697" name="mod-method">
        <font style="bold"/>
    </fontcolor>
    <fontcolor default="constant" name="constant">
        <font style="italic"/>
    </fontcolor>
    <fontcolor default="keyword" name="keyword"/>
    <fontcolor name="mod-static">
        <font style="italic"/>
    </fontcolor>
    <fontcolor default="identifier" name="PHP_STRING"/>
    <fontcolor default="operator" name="operator"/>
    <fontcolor name="T_INLINE_HTML"/>
    <fontcolor name="mod-unused" waveUnderlined="ff999999"/>
    <fontcolor foreColor="cyan" name="mark-occurrences">
        <font style="bold"/>
    </fontcolor>
    <fontcolor default="string" name="string"/>
    <fontcolor default="field" name="mod-field"/>
    <fontcolor foreColor="orange" name="heredocdelimiter"/>
    <fontcolor default="comment" name="comment"/>
    <fontcolor default="comment" name="phpdockeyword">
        <font style="bold"/>
    </fontcolor>
    <fontcolor default="identifier" name="identifier"/>
    <fontcolor default="separator" name="separator"/>
    <fontcolor foreColor="fff0e474" name="phpopenclose">
        <font style="bold"/>
    </fontcolor>
    <fontcolor name="PHP_CONTENT"/>
</fontscolors>
