<?xml version="1.0" encoding="UTF-8"?>
<!DOCTYPE fontscolors PUBLIC "-//NetBeans//DTD Editor Fonts and Colors settings 1.1//EN" "http://www.netbeans.org/dtds/EditorFontsColors-1_1.dtd">
<fontscolors>
    <fontcolor foreColor="red" name="error"/>
    <fontcolor name="equals"/>
    <fontcolor foreColor="fff0e386" name="name"/>
    <fontcolor name="whitespace"/>
    <fontcolor foreColor="ffffa0a0" name="value"/>
    <fontcolor foreColor="ff87ceeb" name="comment"/>
    <fontcolor foreColor="ff7bf697" name="section">
        <font style="bold"/>
    </fontcolor>
</fontscolors>
