<?xml version="1.0" encoding="UTF-8"?>
<!DOCTYPE fontscolors PUBLIC "-//NetBeans//DTD Editor Fonts and Colors settings 1.1//EN" "http://www.netbeans.org/dtds/EditorFontsColors-1_1.dtd">
<fontscolors>
    <fontcolor bgColor="red" name="error"/>
    <fontcolor foreColor="ffffa0a0" name="char"/>
    <fontcolor foreColor="fff0e386" name="keyword">
        <font style="bold"/>
    </fontcolor>
    <fontcolor foreColor="black" name="whitespace"/>
    <fontcolor foreColor="ffffa0a0" name="number"/>
    <fontcolor default="keyword" name="markup-element"/>
    <fontcolor name="operator"/>
    <fontcolor name="url"/>
    <fontcolor default="identifier" name="field"/>
    <fontcolor bgColor="ff323232" foreColor="ffeeeeee" name="default">
        <font name="Monospaced" size="14"/>
    </fontcolor>
    <fontcolor foreColor="ffffa0a0" name="string"/>
    <fontcolor default="string" name="markup-attribute-value"/>
    <fontcolor default="default" foreColor="white" name="entity-reference">
        <font style="bold"/>
    </fontcolor>
    <fontcolor default="identifier" foreColor="ff7bf697" name="method"/>
    <fontcolor foreColor="ff87ceeb" name="comment"/>
    <fontcolor name="identifier"/>
    <fontcolor name="separator"/>
    <fontcolor default="field" foreColor="ffbbb469" name="markup-attribute"/>
</fontscolors>
