<?xml version="1.0" encoding="UTF-8"?>
<!DOCTYPE fontscolors PUBLIC "-//NetBeans//DTD Editor Fonts and Colors settings 1.1//EN" "http://www.netbeans.org/dtds/EditorFontsColors-1_1.dtd">
<fontscolors>
    <fontcolor default="default" name="deref"/>
    <fontcolor default="default" foreColor="orange" name="ns-imports"/>
    <fontcolor default="default" foreColor="magenta" name="ns-interns"/>
    <fontcolor default="default" name="symbol"/>
    <fontcolor bgColor="red" default="default" name="error"/>
    <fontcolor default="default" name="list-start"/>
    <fontcolor default="default" foreColor="ffffa0a0" name="char"/>
    <fontcolor default="default" foreColor="ffbbb469" name="keyword"/>
    <fontcolor default="default" foreColor="ffffa0a0" name="number"/>
    <fontcolor default="map-start" name="map-end">
        <font style="plain"/>
    </fontcolor>
    <fontcolor default="vec-start" name="vec-end"/>
    <fontcolor default="default" name="map-start"/>
    <fontcolor default="list-start" name="list-end"/>
    <fontcolor default="default" name="meta"/>
    <fontcolor default="default" foreColor="yellow" name="function"/>
    <fontcolor default="default" foreColor="ff65f596" name="ns-publics">
        <font style="bold"/>
    </fontcolor>
    <fontcolor default="default" foreColor="fff0e386" name="macro">
        <font style="bold"/>
    </fontcolor>
    <fontcolor default="default" name="unquote"/>
    <fontcolor default="default" name="quote"/>
    <fontcolor default="ff000066" name="vec-start"/>
    <fontcolor default="default" foreColor="ffffa0a0" name="string"/>
    <fontcolor default="default" name="any"/>
    <fontcolor default="default" foreColor="fff0e386" name="compiler-special">
        <font style="bold"/>
    </fontcolor>
    <fontcolor default="default" foreColor="ff87ceeb" name="comment"/>
</fontscolors>
